Nama,Harga,Kategori,Merk
ECLE Wireless On Ear Headphone Headset Gaming Super Bass Stereo Hitam,< 1 juta,Audio,ECLE
ECLE Bluetooth Wireless Speaker Mini Portable Super Bass Stereo,< 1 juta,Audio,ECLE
Bigetron Official Jersey,< 1 juta,Fashion,Bigetron
Converse Lifestyle Wrinkle Backpack,< 1 juta,Fashion,Converse
"Jaket Jeans Original XXL - Hitam, XXL",< 1 juta,Fashion,Rafen
Xiaomi Mi Band 5 Waterproof AMOLED Screen Heart Rate - China Versi,< 1 juta,Gadget,Xiaomi
Stand speaker / Tripod speaker Krezt NB - 503 ( isi 2pcs full besi ),< 1 juta,Audio,Krezt
Russell Hobbs Compact Home Slow Cooker,< 1 juta,Elektronik,Russel Hobbs
Converse CHUCK 70 HI Unisex Sneakers Shoes - Black,< 1 juta,Fashion,Converse
Sanken SN-118KEG Kulkas Mini Bar,1 - 5 juta,Elektronik,Sanken
Speaker Portable Meeting wireless Krezt Was-110 FV (10inch),1 - 5 juta,Audio,Krezt
Sanken Dispenser Bottom Loading HWD-C590G-BK Hitam,1 - 5 juta,Elektronik,Sanken
Apple Airpods Pro Wireless Charging Original Garansi Resmi Apple,1 - 5 juta,Gadget,Apple
"realme Smart LED TV 32 inch [Android 9.0, Bazel-less, Dolby Audio, HD-Netflix]",1 - 5 juta,Elektronik,Realme
Russell Hobbs 5L Brooklyn Air Fryer,1 - 5 juta,Elektronik,Russel Hobbs
"Realme X3 SuperZoom 12/256GB [60X Periscope Zoom, Snapdragon 855, NFC]",5 - 10 juta,Gadget,Realme
Iphone XR 64GB Garansi Resmi Ibox / TAM,5 - 10 juta,Gadget,Apple
Microsoft Surface GO 2 128GB / 8GB / Intel Core M3 8th Gen8 / New 2020 - 64GB M3 10 Pro,5 - 10 juta,Gadget,Microsoft
"ASUS ROG PHONE 3 / ROG PHONE III 512 GB / 256GB / 128GB Garansi 1 Tahn - 12 GB - 128 GB, Tencent Games",5 - 10 juta,Gadget,Asus
Xiaomi Mi 11 (8GB+256GB) 108MP Cinematic Layar 6.81” WQHD+ AMOLED DotDisplay Snapdragon™ 888 4600mAh,5 - 10 juta,Elektronik,Xiaomi
Apple iPhone 12 128GB - Red,> 10 Juta,Gadget,Apple
Asus ROG Strix G713QC Ryzen 7 5800H 8GB 512GB RTX3050 4GB WIN10+OHS - BLACK,> 10 Juta,Gadget,Asus
"Microsoft Surface Pro 7+ 7 Plus 2021 Intel i7 11 Gen 256GB 16GB 256 GB - WIFI Only, Unit Only",> 10 Juta,Gadget,Microsoft
